sickness,symptom1,symptom2,symptom3,symptom4,symptom5,symptom6,symptom7,symptom8,symptom9,symptom10,symptom11,symptom12,symptom13,symptom14,symptom15,symptom16,symptom17
(vertigo) Paroymsal  Positional Vertigo, vomiting, headache, nausea, spinning movements, loss of balance, unsteadiness,,,,,,,,,,,
Acne, skin rash, pus filled pimples, blackheads, scurring,,,,,,,,,,,,,
AIDS, muscle wasting, patches in throat, high fever, extra marital contacts,,,,,,,,,,,,,
Alcoholic hepatitis, vomiting, yellowish skin, abdominal pain, swelling of stomach, distention of abdomen, history of alcohol consumption, fluid overload,,,,,,,,,,
Allergy, continuous sneezing, shivering, chills, watering from eyes,,,,,,,,,,,,,
Arthritis, muscle weakness, stiff neck, swelling joints, movement stiffness, painful walking,,,,,,,,,,,,
Bronchial Asthma, fatigue, cough, high fever, breathlessness, family history, mucoid sputum,,,,,,,,,,,
Cervical spondylosis, back pain, weakness in limbs, neck pain, dizziness, loss of balance,,,,,,,,,,,,
Chronic cholestasis,itching, vomiting, yellowish skin, nausea, loss of appetite, abdominal pain, yellowing of eyes,,,,,,,,,,
Common Cold, continuous sneezing, chills, fatigue, cough, high fever, headache, swelled lymph nodes, malaise, phlegm, throat irritation, redness of eyes, sinus pressure, runny nose, congestion, chest pain, loss of smell, muscle pain
Dengue, skin rash, chills, joint pain, vomiting, fatigue, high fever, headache, nausea, loss of appetite, pain behind the eyes, back pain, muscle pain, red spots over body,,,,
Diabetes, fatigue, weight loss, restlessness, lethargy, irregular sugar level, blurred and distorted vision, obesity, excessive hunger, increased appetite, polyuria,,,,,,,
Dimorphic hemmorhoids(piles), constipation, pain during bowel movements, pain in anal region, bloody stool, irritation in anus,,,,,,,,,,,,
Drug Reaction,itching, skin rash, stomach pain, burning micturition, spotting urination,,,,,,,,,,,,
Fungal infection,itching, skin rash, nodal skin eruptions, dischromic patches,,,,,,,,,,,,,
Gastroenteritis, vomiting, sunken eyes, dehydration, diarrhoea,,,,,,,,,,,,,
GERD, stomach pain, acidity, ulcers on tongue, vomiting, cough, chest pain,,,,,,,,,,,
Heart attack1, vomiting, breathlessness, sweating, chest pain,,,,,,,,,,,,,
Hepatitis A, joint pain, vomiting, yellowish skin, dark urine, nausea, loss of appetite, abdominal pain, diarrhoea, mild fever, yellowing of eyes, muscle_pain,,,,,,
Hepatitis B,itching, fatigue, lethargy, yellowish skin, dark urine, loss of appetite, abdominal pain, yellow urine, yellowing of eyes, malaise, receiving blood transfusion, receiving unsterile injections,,,,,
Hepatitis C, fatigue, yellowish skin, nausea, loss of appetite, yellowing of eyes, family history,,,,,,,,,,,
Hepatitis D, joint pain, vomiting, fatigue, yellowish skin, dark urine, nausea, loss of appetite, abdominal pain, yellowing of eyes,,,,,,,,
Hepatitis E, joint pain, vomiting, fatigue, high fever, yellowish skin, dark urine, nausea, loss of appetite, abdominal pain, yellowing of eyes, acute liver failure, coma, stomach bleeding,,,,
Hyperthyroidism, fatigue, mood swings, weight loss, restlessness, sweating, diarrhoea, fast heart rate, excessive hunger, muscle weakness, irritability, abnormal menstruation,,,,,,
Hypoglycemia, vomiting, fatigue, anxiety, sweating, headache, nausea, blurred and distorted vision, excessive hunger, drying and tingling lips, slurred speech, irritability, palpitations,,,,,
Hypothyroidism, fatigue, weight gain, cold hands and feets, mood swings, lethargy, dizziness, puffy face and eyes, enlarged thyroid, brittle nails, swollen extremeties, depression, irritability, abnormal menstruation,,,,
Impetigo, skin rash, high fever, blister, redsore around nose, yellow crust ooze,,,,,,,,,,,,
Jaundice,itching, vomiting, fatigue, weight loss, high fever, yellowish skin, dark urine, abdominal pain,,,,,,,,,
Malaria, chills, vomiting, high fever, sweating, headache, nausea, diarrhoea, muscle pain,,,,,,,,,
Migraine, acidity, indigestion, headache, blurred and distorted vision, excessive_hunger, stiff neck, depression, irritability, visual disturbances,,,,,,,,
Osteoarthristis, joint_pain, neck pain, knee pain, hip joint pain, swelling joints, painful walking,,,,,,,,,,,
Paralysis (brain hemorrhage), vomiting, headache, weakness of one body side, altered sensorium,,,,,,,,,,,,,
Peptic ulcer diseae, vomiting, indigestion, loss of appetite, abdominal pain, passage of gases, internal itching,,,,,,,,,,,
Pneumonia, chills, fatigue, cough, high fever, breathlessness, sweating, malaise, phlegm, chest pain, fast heart rate, rusty sputum,,,,,,
Psoriasis, skin rash, joint pain, skin peeling, silver like dusting, small dents in nails, inflammatory nails,,,,,,,,,,,
Tuberculosis, chills, vomiting, fatigue, weight loss, cough, high fever, breathlessness, sweating, loss of appetite, mild fever, yellowing of eyes, swelled lymph nodes, malaise, phlegm, chest pain, blood in sputum,
Typhoid, chills, fatigue, high fever, headache, nausea, constipation, abdominal pain, diarrhoea, toxic look (typhos), belly_pain,,,,,,,
Urinary tract infection, burning micturition, bladder discomfort, foul smell of urine, continuous feel of urine,,,,,,,,,,,,,
Varicose veins, fatigue, cramps, bruising, obesity, swollen legs, swollen blood vessels, prominent veins on calf,,,,,,,,,,